cat,part name,qua,unit,line,supplier,part no
Contactor,Power Contactor,5,31.00,155.00,AD,'HMC-9B30-11-DS
Contactor,Contactor Interlock,2,16.50,33.00,AD,'HMX1-MI
Contactor,Coil Enable Relay,1,46.50,46.50,AD,'HC3096N-52-900-24
Contactor,Reversing Busbars,1,17.00,17.00,AD,'HMX1-BBREV
Contactor,Auxiliary Contact Block,0,8.50,0.00,AD,'HMX1-AUX11-F
Power,DC Power Supply,1,0.00,0.00,GBB,'NDR-240-24
Power,Circuit Breaker,1,55.00,55.00,AD,'FAZ-D4-2-NA-L
Disconnect,Motor Disconnect,1,75.00,75.00,AD,'22013003
Disconnect,Disconnect Handle,1,27.50,27.50,GBB,'148E1111
Disconnect,Disconnect Shaft,1,9.00,9.00,AD,'14070532
Disconnect,Terminal Cover Pack,1,11.00,11.00,AD,'22943016
Fuse,Class RK5 Fuse,3,7.74,23.22,AllFuses,'FRN-R-10
Fuse,Class R Fuse Holder,1,54.00,54.00,AD,'RM25030-3SR
Fuse,Fuse Cover,3,14.00,42.00,AD,'CVR-RH-25030
Operator,Speed Switch,1,0.00,0.00,GBB,'365_TAV2111
Operator,Control Pendant,1,0.00,0.00,GBB,'800S_3SA
Contactor,Thermal Overload,2,31.50,63.00,AD,'HTOR32-6-S
Contactor,Coil Surge Suppressor,5,12.00,60.00,AD,'HMX1-SSVRC-DC
Operator,White Indicator,1,52.92,52.92,DK,'4008-XB4BVB1-ND
Terminal,M12 Panel Socket,1,11.10,11.10,DK,'A125513-ND
Terminal,Feedthrough Terminal,1,9.75,9.75,AD,'KN-T12GRY-25
Terminal,Terminal End Cover,1,6.75,6.75,AD,'KN-ECT6GRY-25
Terminal,DIN End Stop,1,11.50,11.50,AD,'KN-EB7-10
Terminal,Terminal Jumper,1,13.50,13.50,AD,'KN-10J12
Terminal,Terminal Marker,1,12.00,12.00,AD,'KN-L5X-BLNK-220
Enclosure,Enclosure,1,332.00,332.00,AD,'N412201608C
Enclosure,Backplate,1,51.00,51.00,AD,'NP2016C
Enclosure,Mounting Feet,1,28.00,28.00,AD,'N412MFK
,Subtotal,,,1199.74,,
,Total,,,1199.74,,
