artifact_type,artifact_name,part_number_or_mpn,datasheet,rule_id,rule_title,requirement,applicable_y_n,compliant_y_n,evidence_or_notes,reviewer,review_date
Symbol,50MA3KLE,50MA3KLE,Owner STEP and confirmed terminal states/IDs 2026-10-08,SYM-SCOPE-001,Exact device and source,Use the exact manufacturer part number or documented generic device. Check the symbol against its governing datasheet.,Yes,No,Exact owner-selected Furnas 50MA3KLE. Governing source is owner STEP plus explicit contact-state and numbering confirmation; manufacturer datasheet unavailable. Documented owner-source exception.,Codex,2026-10-08
Symbol,50MA3KLE,50MA3KLE,Owner STEP and confirmed terminal states/IDs 2026-10-08,SYM-PIN-001,Complete terminal inventory,"Show every physical electrical terminal exactly once, including unused and no-connect terminals.",Yes,Yes,"Ten physical terminals exactly once; 1-4 each T/B, 5T and 6T. No 5B/6B.",Codex,2026-10-08
Symbol,50MA3KLE,50MA3KLE,Owner STEP and confirmed terminal states/IDs 2026-10-08,SYM-PIN-002,Exact pin numbers,"Use the datasheet pin numbers, including exposed pads, separate power terminals, connector contacts, and electrical shield or mounting terminals.",Yes,Yes,Physical terminal IDs match owner labels and named STEP screws; no legacy L/R IDs in active device.,Codex,2026-10-08
Symbol,50MA3KLE,50MA3KLE,Owner STEP and confirmed terminal states/IDs 2026-10-08,SYM-PIN-003,Short datasheet pin names,"Name every pin for its datasheet function. Use short, clear abbreviations: GREEN becomes GRN and ground becomes GND. Keep the physical pin mapping clear.",Yes,Yes,FWD/REV NC/NO and STOP NC names; endpoint suffix agrees with physical terminal number.,Codex,2026-10-08
Symbol,50MA3KLE,50MA3KLE,Owner STEP and confirmed terminal states/IDs 2026-10-08,SYM-PIN-004,Electrical pin types,"Give each pin its correct KiCad electrical type, such as power_in, power_out, input, output, bidirectional, passive, open_collector, or no_connect.",Yes,Yes,Ten floating contact endpoints use passive electrical type; native netlist and PCB parser agree.,Codex,2026-10-08
Symbol,50MA3KLE,50MA3KLE,Owner STEP and confirmed terminal states/IDs 2026-10-08,SYM-PIN-005,Active-low and differential names,Use ~{NAME} for active-low pins and + or - for differential pins. Match the datasheet polarity.,No,,"Not applicable to this single-unit passive contact station; no J-connector, dedicated supply/ground, IC-only layout, active-low/differential or right-side output groups.",Codex,2026-10-08
Symbol,50MA3KLE,50MA3KLE,Owner STEP and confirmed terminal states/IDs 2026-10-08,SYM-PIN-006,No stacked or hidden pins,Do not stack or hide pins. Every pin must be visible at its own connection point.,Yes,Yes,Each pin visible at a distinct connection point.,Codex,2026-10-08
Symbol,50MA3KLE,50MA3KLE,Owner STEP and confirmed terminal states/IDs 2026-10-08,SYM-PIN-007,No-connect identity,Use no_connect only for pins the datasheet identifies as no-connect. A usable pin that is often left unwired keeps its actual electrical type.,Yes,Yes,"2T/4T remain passive in library, with external no-connect markers in project only.",Codex,2026-10-08
Symbol,50MA3KLE,50MA3KLE,Owner STEP and confirmed terminal states/IDs 2026-10-08,SYM-PIN-008,Pin length,Non-connector pins are 100 mil (2.54 mm) long. Connector pins are 0 mm long.,Yes,Yes,All ten pin lengths exactly 2.54 mm.,Codex,2026-10-08
Symbol,50MA3KLE,50MA3KLE,Owner STEP and confirmed terminal states/IDs 2026-10-08,SYM-PIN-009,Pin lines and labels,"For IC-style rectangular bodies, end each pin line at the body edge, with the name inside and number outside. Multi-pin J connectors use the centered zero-length pins in SYM-CONN-001.",Yes,Yes,"Pin names inside body, numbers outside; native exported image inspected.",Codex,2026-10-08
Symbol,50MA3KLE,50MA3KLE,Owner STEP and confirmed terminal states/IDs 2026-10-08,SYM-CONN-001,Multi-pin J connector column,"Draw multi-pin J connectors as one vertical column of stacked 100 mil (2.54 mm) squares, one square per pin. Center a visible zero-length pin in each square. Center the whole column at the origin. Order pins from top to bottom by connector numbering or the specified functional order. Keep pin IDs and function labels legible, without overlap. Use this layout instead of IC-style side groups, ground placement, body margins and width rules. LCSC:XH-4A is the typical layout reference.",No,,"Not applicable to this single-unit passive contact station; no J-connector, dedicated supply/ground, IC-only layout, active-low/differential or right-side output groups.",Codex,2026-10-08
Symbol,50MA3KLE,50MA3KLE,Owner STEP and confirmed terminal states/IDs 2026-10-08,SYM-UNIT-001,Multi-unit completeness,Include every unit and its correct identifier and pin assignments. Put each physical pin in one unit; show shared power pins in their assigned unit.,Yes,Yes,One unit contains all ten physical terminals exactly once.,Codex,2026-10-08
Symbol,50MA3KLE,50MA3KLE,Owner STEP and confirmed terminal states/IDs 2026-10-08,SYM-GRID-001,Pin connection grid,"Use each unit's tallest required pin stack to set its grid. Count pins and blank rows using SYM-GRID-003. An odd row count uses 0, +/-100, +/-200 mil; an even row count uses +/-50, +/-150, +/-250 mil. Shorter groups follow their top or bottom anchor, not their own row-count parity. Keep horizontal connection positions on the 100 mil (2.54 mm) grid.",Yes,Yes,14-row even stack uses 1.27 mm half-grid Y; connection X=-10.16 mm is on 2.54 mm grid.,Codex,2026-10-08
Symbol,50MA3KLE,50MA3KLE,Owner STEP and confirmed terminal states/IDs 2026-10-08,SYM-GRID-002,Field placement grid,"Place the MPN, reference designator, and Part Name on the 50 mil (1.27 mm) grid. After changing body size or position, reposition these fields relative to the new body edges using the nearest clear grid positions.",Yes,Yes,"Reference 0,22.86; Value 0,20.32; Part Name 0,-21.59, all on 1.27 mm grid. Placed centers also checked.",Codex,2026-10-08
Symbol,50MA3KLE,50MA3KLE,Owner STEP and confirmed terminal states/IDs 2026-10-08,SYM-GRID-003,Count pin rows,"Count one row per pin, plus one blank row for each 200 mil (5.08 mm) gap between adjacent groups. Larger gaps add one blank row per extra 100 mil (2.54 mm). Count the compact stacks in each unit separately to determine its minimum body height. Spare space from a taller opposite side does not change that unit's grid alignment.",Yes,Yes,Ten pins plus four single blank group-separation rows = fourteen rows.,Codex,2026-10-08
Symbol,50MA3KLE,50MA3KLE,Owner STEP and confirmed terminal states/IDs 2026-10-08,SYM-LAYOUT-001,Centered rectangular body,"Center a rectangular pin-block body at the Symbol Editor origin (0, 0). Anchor the pin groups to the body as described below; do not vertically center each side independently.",Yes,Yes,"Centered rectangle X +/-7.62, Y +/-19.05 mm.",Codex,2026-10-08
Symbol,50MA3KLE,50MA3KLE,Owner STEP and confirmed terminal states/IDs 2026-10-08,SYM-LAYOUT-002,Supply group,"Put dedicated device supply pins in the top-left position, starting 100 mil (2.54 mm) below the body top. Group multiple supply pins by function. Coil terminals and floating contact commons are functional pins, not automatically device supply or ground pins.",No,,"Not applicable to this single-unit passive contact station; no J-connector, dedicated supply/ground, IC-only layout, active-low/differential or right-side output groups.",Codex,2026-10-08
Symbol,50MA3KLE,50MA3KLE,Owner STEP and confirmed terminal states/IDs 2026-10-08,SYM-LAYOUT-003,Enable pin,Put an enable or similar control pin 100 mil (2.54 mm) below the supply group when that connection pattern applies. Do not create an enable position when there is no such pin.,No,,"Not applicable to this single-unit passive contact station; no J-connector, dedicated supply/ground, IC-only layout, active-low/differential or right-side output groups.",Codex,2026-10-08
Symbol,50MA3KLE,50MA3KLE,Owner STEP and confirmed terminal states/IDs 2026-10-08,SYM-LAYOUT-004,Input group,"Put inputs and other left-side functions below any supply/enable group, except feedback pins covered by SYM-LAYOUT-012. Leave 200 mil (5.08 mm) between groups and 100 mil (2.54 mm) within a group. With no dedicated supply group, start the first functional group 100 mil below the body top.",No,,"Not applicable to this single-unit passive contact station; no J-connector, dedicated supply/ground, IC-only layout, active-low/differential or right-side output groups.",Codex,2026-10-08
Symbol,50MA3KLE,50MA3KLE,Owner STEP and confirmed terminal states/IDs 2026-10-08,SYM-LAYOUT-005,Functional group order,"Keep related pins together. Order left-side functional groups for expected wiring and the fewest likely crossings, considering high-side or low-side switching and supply or return connections. Keep dedicated supply and ground groups in their assigned positions. If expected use is unknown, preserve a clear functional order without assuming a ground connection.",Yes,Yes,"FWD NC, FWD NO, REV NC, REV NO, STOP NC groups retained in wiring order.",Codex,2026-10-08
Symbol,50MA3KLE,50MA3KLE,Owner STEP and confirmed terminal states/IDs 2026-10-08,SYM-LAYOUT-006,Ground group,"Put dedicated GND, AGND, PGND and other documented device ground/return pins in the bottom-left position, with the last pin 100 mil (2.54 mm) above the body bottom. Leave at least 200 mil (5.08 mm) after the preceding group. With only supply and ground groups, keep them at the top and bottom and leave the middle empty. Do not classify floating coil or contact terminals as ground merely from their names.",No,,"Not applicable to this single-unit passive contact station; no J-connector, dedicated supply/ground, IC-only layout, active-low/differential or right-side output groups.",Codex,2026-10-08
Symbol,50MA3KLE,50MA3KLE,Owner STEP and confirmed terminal states/IDs 2026-10-08,SYM-LAYOUT-007,Top-aligned right groups,"Start the first right-side group 100 mil (2.54 mm) below the body top, even when there is only one group. Put the most important function first, then the remaining groups in order. Missing groups and absent unused pins never move the first group downward. Leave spare height below the last group.",No,,"Not applicable to this single-unit passive contact station; no J-connector, dedicated supply/ground, IC-only layout, active-low/differential or right-side output groups.",Codex,2026-10-08
Symbol,50MA3KLE,50MA3KLE,Owner STEP and confirmed terminal states/IDs 2026-10-08,SYM-LAYOUT-008,Output group,"Put remaining outputs on the right, 200 mil (5.08 mm) below the preceding group. Omit absent groups and do not repeat pins. If outputs are the first or only right-side group, start them at the top position.",No,,"Not applicable to this single-unit passive contact station; no J-connector, dedicated supply/ground, IC-only layout, active-low/differential or right-side output groups.",Codex,2026-10-08
Symbol,50MA3KLE,50MA3KLE,Owner STEP and confirmed terminal states/IDs 2026-10-08,SYM-LAYOUT-009,Low-priority group,"Put low-priority or normally unused pins last on the right, 200 mil (5.08 mm) below the preceding group. If this is the only group, start it at the top position. NC meaning normally closed is a contact function, not an unused pin.",No,,"Not applicable to this single-unit passive contact station; no J-connector, dedicated supply/ground, IC-only layout, active-low/differential or right-side output groups.",Codex,2026-10-08
Symbol,50MA3KLE,50MA3KLE,Owner STEP and confirmed terminal states/IDs 2026-10-08,SYM-LAYOUT-010,Right-side pin spacing,Space pins within each right-side group 2.54 mm apart.,No,,"Not applicable to this single-unit passive contact station; no J-connector, dedicated supply/ground, IC-only layout, active-low/differential or right-side output groups.",Codex,2026-10-08
Symbol,50MA3KLE,50MA3KLE,Owner STEP and confirmed terminal states/IDs 2026-10-08,SYM-LAYOUT-011,Use spare height,"Keep the first right-side group at the top and leave extra space below the last group. On the left, keep dedicated supply at the top and ground at the bottom; put spare space before the bottom ground group. Do not invent or split groups to fill space, or stretch a compact functional group.",No,,"Not applicable to this single-unit passive contact station; no J-connector, dedicated supply/ground, IC-only layout, active-low/differential or right-side output groups.",Codex,2026-10-08
Symbol,50MA3KLE,50MA3KLE,Owner STEP and confirmed terminal states/IDs 2026-10-08,SYM-LAYOUT-012,Feedback pin placement,"For pin placement, treat feedback pins that need a resistor divider or another non-GND connection as outputs and place them in the right-side output group. Keep their datasheet electrical pin type.",No,,"Not applicable to this single-unit passive contact station; no J-connector, dedicated supply/ground, IC-only layout, active-low/differential or right-side output groups.",Codex,2026-10-08
Symbol,50MA3KLE,50MA3KLE,Owner STEP and confirmed terminal states/IDs 2026-10-08,SYM-LAYOUT-013,Optional left-side positions,"The left side has top supply, middle functional/input and bottom ground positions, not three mandatory groups. Use only the groups the part actually has; do not invent or split groups to fill all positions. A coil terminal pair stays together unless the documented function requires otherwise. Order floating functional groups using SYM-LAYOUT-005.",No,,"Not applicable to this single-unit passive contact station; no J-connector, dedicated supply/ground, IC-only layout, active-low/differential or right-side output groups.",Codex,2026-10-08
Symbol,50MA3KLE,50MA3KLE,Owner STEP and confirmed terminal states/IDs 2026-10-08,SYM-LAYOUT-014,Pin order within groups,"Within each functional group, prefer supply-connected pins toward the top and return or pull-down pins toward the bottom. Place pins likely to share a connection near one another across adjacent groups while preserving group separation. Base the order on documented function and expected use, not pin names alone; do not assume an electrical connection from placement.",Yes,Yes,Contact endpoint placement preserves existing wiring. Physical suffixes identify actual endpoints; no supply/ground invented.,Codex,2026-10-08
Symbol,50MA3KLE,50MA3KLE,Owner STEP and confirmed terminal states/IDs 2026-10-08,SYM-CTRL-001,Control terminal names,"For control devices, distinguish the two ends of a contact with short names such as AUX_NO_1 and AUX_NO_2. The suffix identifies the end of one contact, not another contact. Use position suffixes such as A1_TOP and A1_BOT for duplicate access terminals. Keep the factory terminal numbers and existing documented pin-ID qualifiers unchanged.",Yes,Yes,Physical IDs T/B retained; function suffix identifies actual first/second endpoint of each contact.,Codex,2026-10-08
Symbol,50MA3KLE,50MA3KLE,Owner STEP and confirmed terminal states/IDs 2026-10-08,SYM-CTRL-002,Control terminal groups,"For control devices, keep both ends of each contact adjacent on the same side, 100 mil (2.54 mm) apart. Keep duplicate access points to the same internal node adjacent too. Keep the coil terminals in one group; give each auxiliary contact its own group, with 200 mil (5.08 mm) between groups. Contact grouping takes priority over the IC-style input/output layout. Functional groups may use either side to keep the symbol clear, for example LOW at left and HIGH at right; keep each contact pair intact. Main power poles may keep line terminals on the left and matching load terminals on the right to show power flow.",Yes,Yes,"Each pair adjacent on left, 2.54 mm apart. Neighboring pairs separated by 5.08 mm.",Codex,2026-10-08
Symbol,50MA3KLE,50MA3KLE,Owner STEP and confirmed terminal states/IDs 2026-10-08,SYM-CTRL-003,Optional right side for controls,"A control unit may have all pins on the left when it has no distinct outputs. Do not move a contact end to the right just to fill that side. An empty side needs no group or extra body space. Keep the actual electrical pin types, centered body, pin grid and field placement rules. Multi-pin J connectors still use SYM-CONN-001.",Yes,Yes,All ten contact endpoints on left; no artificial outputs.,Codex,2026-10-08
Symbol,50MA3KLE,50MA3KLE,Owner STEP and confirmed terminal states/IDs 2026-10-08,SYM-BODY-001,Rectangle height,"Size each unit from its own taller compact pin stack, including blank group-separation rows. Add 100 mil (2.54 mm) at each end and center the body at the origin. Do not enlarge a short unit to match another unit. Position the placed fields relative to that unit's body.",Yes,Yes,Body 38.1 mm tall; first/last pins 2.54 mm from top/bottom.,Codex,2026-10-08
Symbol,50MA3KLE,50MA3KLE,Owner STEP and confirmed terminal states/IDs 2026-10-08,SYM-BODY-002,Rectangle width,"After placing the pin names, make the rectangle as narrow as possible without overlapping names on opposite sides.",Yes,Yes,15.24 mm is smallest centered width compatible with 2.54 mm pin length and required X grid that clears STOP_NC_2. 10.16 mm candidate rejected after export showed overlap.,Codex,2026-10-08
Symbol,50MA3KLE,50MA3KLE,Owner STEP and confirmed terminal states/IDs 2026-10-08,SYM-TEXT-001,Readable fields,"Keep the reference designator and schematic value visible, correct, and legible. Keep text clear of pins, other text, and the body outline.",Yes,Yes,"Reference and exact MPN are visible, separated and clear. Current export excludes paper frame; S2-symbol.png inspected.",Codex,2026-10-08
Symbol,50MA3KLE,50MA3KLE,Owner STEP and confirmed terminal states/IDs 2026-10-08,SYM-TEXT-002,MPN above body,"For an IC, center the exact MPN horizontally above the rectangle. Use the nearest 1.27 mm grid position where the whole text is outside the body and does not touch its top line. If Value already displays the MPN, do not display it twice.",No,,"Not applicable to this single-unit passive contact station; no J-connector, dedicated supply/ground, IC-only layout, active-low/differential or right-side output groups.",Codex,2026-10-08
Symbol,50MA3KLE,50MA3KLE,Owner STEP and confirmed terminal states/IDs 2026-10-08,SYM-TEXT-003,Reference above MPN,Center the reference designator above the MPN at the next 1.27 mm grid position that keeps the two texts from touching.,Yes,Yes,"Reference at 22.86 mm, Value at 20.32 mm; next clear field grid position.",Codex,2026-10-08
Symbol,50MA3KLE,50MA3KLE,Owner STEP and confirmed terminal states/IDs 2026-10-08,SYM-TEXT-004,Part Name below body,Center Part Name below the rectangle. Use the nearest 1.27 mm grid position where the whole text is outside the body and does not touch its bottom line. Check placed schematic fields too: automatic placement must not move Part Name above the body or connector labels to the side.,Yes,Yes,"Two-line Button Station centered below body at -21.59 mm, clear in native export.",Codex,2026-10-08
Symbol,50MA3KLE,50MA3KLE,Owner STEP and confirmed terminal states/IDs 2026-10-08,SYM-TEXT-005,Short Part Name,"Describe the function in as few words as possible, preferably two or three main words. Examples: Adjustable Voltage Regulator, USB Controller, Voltage Comparator.",Yes,Yes,Short Part Name: Button Station.,Codex,2026-10-08
Symbol,50MA3KLE,50MA3KLE,Owner STEP and confirmed terminal states/IDs 2026-10-08,SYM-TEXT-006,Part Name line breaks,"Arrange Part Name in two or three lines to suit its length, with one or two words per line.",Yes,Yes,"Two lines, one word per line.",Codex,2026-10-08
Symbol,50MA3KLE,50MA3KLE,Owner STEP and confirmed terminal states/IDs 2026-10-08,SYM-META-001,Device metadata,"Keep Value, MPN, Description, Keywords, Datasheet, footprint filters, and other device properties accurate. Hide metadata fields except the visible schematic labels defined by these rules.",Yes,Yes,"Value/MPN 50MA3KLE, Manufacturer Furnas, reviewed footprint, accurate description/keywords, obsolete AB datasheet cleared; other metadata hidden.",Codex,2026-10-08
Symbol,50MA3KLE,50MA3KLE,Owner STEP and confirmed terminal states/IDs 2026-10-08,SYM-META-002,Part Name field,Include the Part Name metadata field. It is required for ICs and other parts drawn as rectangular pin blocks. Its default is [part name]. Leave it blank when it does not apply.,Yes,Yes,Part Name exists and is visible.,Codex,2026-10-08
Symbol,50MA3KLE,50MA3KLE,Owner STEP and confirmed terminal states/IDs 2026-10-08,SYM-META-003,No history or commentary,"Keep symbol definitions limited to device information. Put review notes, change history, uncertainties, and conversation commentary in review documents, not symbol properties.",Yes,Yes,"Review history and owner-source exception reside in review documents, not library properties.",Codex,2026-10-08
Symbol,50MA3KLE,50MA3KLE,Owner STEP and confirmed terminal states/IDs 2026-10-08,SYM-FP-001,Footprint association,Use the exact reviewed footprint for a concrete device. Match symbol pin numbers to footprint pad numbers without renumbering.,Yes,Yes,Controls:50MA3KLE_Top uses exactly the same ten physical IDs; native pad nets/functions/types verified.,Codex,2026-10-08
Symbol,50MA3KLE,50MA3KLE,Owner STEP and confirmed terminal states/IDs 2026-10-08,SYM-VIS-001,Visual inspection,"Open the symbol in KiCad and check pin order, labels, electrical types, body geometry, fields, units, and readability at normal editing scale.",Yes,No,Pending live Symbol Editor check. Computer control could not launch closed KiCad and launch API was unavailable. Native exported visual inspected separately.,Codex,2026-10-08
