PartID,Reference,Value,Part Name,MPN,Manufacturer,Symbol,Footprint,Description,Keywords,Datasheet,Type,Category,Package,Supplier,SupplierPartNumber,JLCPCB Class,JLCPCB Assembly,JLCPCB Part,JLCPCB MPN,JLCPCB Match,JLCPCB Checked UTC,JLCPCB Source,inventory
THS5050KJ,R,50kΩ,,THS5050KJ,TE Connectivity,Generics:R,LCSC:R_offboard_THS50_no_pads,50kΩ ±5% 50W 1.25kV Chassis Wirewound,resistor chassis power wirewound 50k 50w 1250v off-board,${PARTS_LIB}/datasheets/TE6-1879071-3_THS5050KJ.pdf,Passive,resistor,CHASSIS-MOUNT,,,Extended,Economic and Standard,C7400441,THS5050KJ,Exact MPN,2026-09-23T00:56:38+00:00,https://jlcpcb.com/partdetail/C7400441,0
GS23-22P0,VFD,GS23-22P0,"Motor
Drive",GS23-22P0,AutomationDirect,Controls:GS23-22P0,,"GS20 variable-frequency motor drive; power, STO, analog, digital, relay, RS-485 and Type-B USB interfaces.",GS23-22P0 Motor Drive drive AutomationDirect,${PARTS_LIB}/datasheets/GS23-22P0_GS23-22P0.pdf,Drive,drive,,AutomationDirect,GS23-22P0,Unmapped,Unknown,,,No exact MPN in returned results,2026-09-23T00:57:05+00:00,https://jlcpcb.com/parts/componentSearch?searchTxt=GS23-22P0,0
BR-N1-280W50,R,BR-N1-280W50,"Brake
Resistor",BR-N1-280W50,Crohm,Controls:BR-N1-280W50,,"50 ohm, 280 W enclosed braking resistor with normally closed thermal switch and enclosure PE terminal.",BR-N1-280W50 Brake Resistor resistor Crohm,${PARTS_LIB}/datasheets/BR-N1-280W50_BR-N1-280W50.pdf,Passive,resistor,,AutomationDirect,BR-N1-280W50,Unmapped,Unknown,,,No exact MPN in returned results,2026-09-23T00:57:05+00:00,https://jlcpcb.com/parts/componentSearch?searchTxt=BR-N1-280W50,0
LC1D18BD,K,LC1D18BD,"Power
Contactor",LC1D18BD,Schneider Electric,Controls:LC1D18BD,,"TeSys D 18 A contactor; polarized 24 VDC coil, three NO power poles and 1NO+1NC auxiliary contacts.",LC1D18BD Power Contactor relay Schneider Electric,${PARTS_LIB}/datasheets/LC1D18BD_LC1D18BD.pdf,Contactor,relay,,Digi-Key,4008-LC1D18BD-ND,Unmapped,Unknown,,,No exact MPN in returned results,2026-09-23T00:57:06+00:00,https://jlcpcb.com/parts/componentSearch?searchTxt=LC1D18BD,0
D2936-32,K,D2936-32,"Furnas
Contactor",,Furnas,Controls:D2936-32,,"Furnas contactor assembly with D2936-32 dual-voltage coil, three NO main poles, one NO auxiliary pole and changeover interlock.",D2936-32 Furnas Contactor relay Furnas,${PARTS_LIB}/reviews/Controls/evidence/furnas_main_aux_contacts_2026-09-23.md,Contactor Assembly,relay,,Personal inventory (GBB),D2936_32,Unmapped,Unknown,,,Not applicable to installed assembly; D2936-32 identifies coil only,2026-09-23T00:57:06+00:00,https://jlcpcb.com/parts/componentSearch?searchTxt=D2936-32,0
OT30F3,QS,OT30F3,"Motor
Disconnect",OT30F3,ABB,Controls:OT30F3,,ABB 30 A three-pole non-fused disconnect switch.,OT30F3 Motor Disconnect switch ABB,${PARTS_LIB}/datasheets/OT30F3_OT30F3.pdf,Power,switch,,Galco,OT30F3,Unmapped,Unknown,,,No exact MPN in returned results,2026-09-23T00:57:07+00:00,https://jlcpcb.com/parts/componentSearch?searchTxt=OT30F3,0
LFT300603C,FU,LFT300603C,"Class T
Fuse Holder",LFT300603C,Littelfuse,Controls:LFT300603C,,"Littelfuse three-pole Class T fuse holder; 300 V, 60 A frame, six field terminal/clip assemblies.",LFT300603C Class T Fuse Holder fuse Littelfuse,${PARTS_LIB}/datasheets/LFT300603C_LFT300603C.pdf,Fuse Holder,fuse,,Digi-Key,LFT300603C-ND,Extended,Economic and Standard,C3203908,LFT300603C,Exact MPN,2026-09-23T00:57:07+00:00,https://jlcpcb.com/partdetail/C3203908,0
TJN35,FU,TJN35,"Class T
Fuse",TJN35,Edison,Controls:TJN35,,"Bussmann TJN35 Class T fuse; 35 A, 300 VAC, two ferrule contacts.",TJN35 Class T Fuse fuse Edison,${PARTS_LIB}/datasheets/TJN35_TJN35.pdf,Fuse,fuse,,AutomationDirect,TJN35-1,Unmapped,Unknown,,,No exact MPN in returned results,2026-09-23T00:57:08+00:00,https://jlcpcb.com/parts/componentSearch?searchTxt=TJN35,0
DN-F10MN,FU,DN-F10MN,"Cartridge
Fuse Holder",DN-F10MN,AutomationDirect,Controls:DN-F10MN,,DIN-rail 5 x 20 mm fuse holder with two field terminal/clip assemblies.,DN-F10MN Cartridge Fuse Holder fuse AutomationDirect,${PARTS_LIB}/datasheets/DN-F10MN_DN-F10MN.pdf,Fuse Holder,fuse,,AutomationDirect,DN-F10MN,Unmapped,Unknown,,,No exact MPN in returned results,2026-09-23T00:57:08+00:00,https://jlcpcb.com/parts/componentSearch?searchTxt=DN-F10MN,0
GMC3,FU,GMC-3A-R,"Cartridge
Fuse",GMC-3A-R,Eaton Bussmann,Controls:GMC3,,"Bussmann GMC time-delay cartridge fuse; 3 A, 250 VAC, 5 x 20 mm.",GMC3 Cartridge Fuse fuse Eaton Bussmann,${PARTS_LIB}/datasheets/GMC3_GMC3.pdf,Fuse,fuse,,AutomationDirect,GMC3,Unmapped,Unknown,,,No exact MPN in returned results,2026-09-23T01:01:04+00:00,https://jlcpcb.com/parts/componentSearch?searchTxt=GMC3,0
GMC5,FU,GMC-5A-R,"Cartridge
Fuse",GMC-5A-R,Eaton Bussmann,Controls:GMC5,,"Bussmann GMC time-delay cartridge fuse; 5 A, 125 VAC, 5 x 20 mm.",GMC5 Cartridge Fuse fuse Eaton Bussmann,${PARTS_LIB}/datasheets/GMC5_GMC5.pdf,Fuse,fuse,,AutomationDirect,GMC5,Unmapped,Unknown,,,No exact MPN in returned results,2026-09-23T01:01:06+00:00,https://jlcpcb.com/parts/componentSearch?searchTxt=GMC5,0
GMC1,FU,GMC-1A-R,"Cartridge
Fuse",GMC-1A-R,Eaton Bussmann,Controls:GMC1,,"Bussmann GMC time-delay cartridge fuse; 1 A, 250 VAC, 5 x 20 mm.",GMC1 Cartridge Fuse fuse Eaton Bussmann,${PARTS_LIB}/datasheets/GMC1_GMC1.pdf,Fuse,fuse,,AutomationDirect,GMC1,Unmapped,Unknown,,,No exact MPN in returned results,2026-09-23T01:00:55+00:00,https://jlcpcb.com/parts/componentSearch?searchTxt=GMC1,0
C2-01CPU-2,PLC,C2-01CPU-2,"PLC
CPU",C2-01CPU-2,AutomationDirect,Controls:C2-01CPU-2,,"CLICK PLUS C2-01CPU-2 PLC CPU; 24 VDC supply, Ethernet, RS-232 and Micro-B USB.",C2-01CPU-2 PLC CPU plc AutomationDirect,${PARTS_LIB}/datasheets/C2-01CPU-2_C2-01CPU-2.pdf,PLC,plc,,AutomationDirect,C2-01CPU-2,Unmapped,Unknown,,,No exact MPN in returned results,2026-09-23T00:57:10+00:00,https://jlcpcb.com/parts/componentSearch?searchTxt=C2-01CPU-2,0
C2-14D2,IO,C2-14D2,"Digital
I/O Module",C2-14D2,AutomationDirect,Controls:C2-14D2,,"CLICK PLUS I/O module; eight 24 VDC inputs, six sourcing outputs and a 20-position field terminal block.",C2-14D2 Digital I/O Module io module AutomationDirect,${PARTS_LIB}/datasheets/C2-14D2_C2-14D2.pdf,PLC I/O,io module,,AutomationDirect,C2-14D2,Unmapped,Unknown,,,No exact MPN in returned results,2026-09-23T00:57:11+00:00,https://jlcpcb.com/parts/componentSearch?searchTxt=C2-14D2,0
NDR-240-24,PS,NDR-240-24,"DC Power
Supply",NDR-240-24,Mean Well,Controls:NDR-240-24,Controls:NDR-240-24_Front,240 W DIN-rail AC/DC power supply; 24 VDC output with two +V and two -V screw terminals.,NDR-240-24 DC Power Supply power supply Mean Well,${PARTS_LIB}/datasheets/NDR-240-24_NDR-240-24.pdf,Power Supply,power supply,DIN rail 63 x 125.2 x 113.5 mm,Personal inventory (GBB),NDR-240-24,Unmapped,Unknown,,,No exact MPN in returned results,2026-09-23T00:57:12+00:00,https://jlcpcb.com/parts/componentSearch?searchTxt=NDR-240-24,0
52102,CR,52102,"Interface
Relay",52102,Murrelektronik,Controls:52102,,24 VDC relay module with polarized coil and two changeover contacts.,52102 Interface Relay relay Murrelektronik,${PARTS_LIB}/datasheets/52102_52102.pdf,Relay,relay,,AutomationDirect,52102,Unmapped,Unknown,,,No exact MPN in returned results,2026-09-23T00:57:13+00:00,https://jlcpcb.com/parts/componentSearch?searchTxt=52102,0
2966265,CR,2966265,"Interface
Relay",2966265,Phoenix Contact,Controls:2966265,,24 VDC relay module with polarized coil and one changeover contact.,2966265 Interface Relay relay Phoenix Contact,${PARTS_LIB}/datasheets/2966265_2966265.pdf,Relay,relay,,Mouser,651-2966265,Extended,Economic and Standard,C6379463,2966265,Exact MPN,2026-09-23T00:57:13+00:00,https://jlcpcb.com/partdetail/C6379463,0
2910140,TD,2910140,"Timer
Relay",2910140,Phoenix Contact,Controls:2910140,,24 VDC multifunction timer relay; control input B1 and one changeover contact.,2910140 Timer Relay relay Phoenix Contact,${PARTS_LIB}/datasheets/2910140_2910140.pdf,Timer Relay,relay,,Digi-Key,277-2910140-ND,Unmapped,Unknown,,,No exact MPN in returned results,2026-09-23T00:57:14+00:00,https://jlcpcb.com/parts/componentSearch?searchTxt=2910140,0
BH5928-92-61-24-1,SR,BH5928-92-61-24-1,"Safety
Timer",BH5928-92-61-24-1,DOLD,Controls:BH5928-92-61-24-1,,"DOLD BH5928.92 safety timer; control terminals, two instantaneous NO contacts, one monitoring NC contact and three delayed NO contacts.",BH5928-92-61-24-1 Safety Timer relay DOLD,${PARTS_LIB}/datasheets/BH5928-92-61-24-1_BH5928-92-61-24-1.pdf,Safety Relay,relay,,AutomationDirect,BH5928-92-61-24-1,Unmapped,Unknown,,,No exact MPN in returned results,2026-09-23T00:57:14+00:00,https://jlcpcb.com/parts/componentSearch?searchTxt=BH5928-92-61-24-1,0
PWRM1200-ESTOP-ASSEMBLY,S,PWRM1200-ESTOP-ASSEMBLY,"Emergency
Stop",,,Controls:PWRM1200-ESTOP-ASSEMBLY,,XB4BS8444 E-stop assembly with two ZB2-BE102 NC contact blocks and a four-pin M12 male connector; NC pairs 1-3 and 2-4.,PWRM1200-ESTOP-ASSEMBLY Emergency Stop switch ,${PARTS_LIB}/datasheets/PWRM1200-ESTOP-ASSEMBLY_ZB2BE102.pdf,Operator Assembly,switch,,Personal inventory (GBB),XB4BS8444 + 2 x ZB2-BE102 (installed assembly),Not applicable,Not applicable,,,No manufacturer part number,2026-09-23T01:01:26+00:00,,1
XB4BD21,S,XB4BD21,"Selector
Switch",XB4BD21,Schneider Electric,Controls:XB4BD21,,"Schneider Harmony two-position selector switch with one NO contact, terminals 13-14.",XB4BD21 Selector Switch switch Schneider Electric,${PARTS_LIB}/datasheets/XB4BD21_XB4BD21.pdf,Operator,switch,,Personal inventory (GBB),XB4BD21,Extended,Economic and Standard,C6358545,XB4BD21,Exact MPN,2026-09-23T00:57:15+00:00,https://jlcpcb.com/partdetail/C6358545,0
PWRM1200-SELECTOR-ASSEMBLY,S,PWRM1200-SELECTOR-ASSEMBLY,"Selector
Switch",,,Controls:PWRM1200-SELECTOR-ASSEMBLY,,Two-position selector assembly; ZBE102 NC contact 1-2 and NO contact 3-4.,PWRM1200-SELECTOR-ASSEMBLY Selector Switch switch ,${PARTS_LIB}/reviews/Controls/README.md,Operator Assembly,switch,,Personal inventory (GBB),PWRM1200-SELECTOR-ASSEMBLY,,,,,Not applicable; photographed custom assembly,,,0
XB4BA21,S,XB4BA21,"Push
Button",XB4BA21,Schneider Electric,Controls:XB4BA21,,"Schneider Harmony momentary pushbutton with one NO contact, terminals 13-14.",XB4BA21 Push Button switch Schneider Electric,${PARTS_LIB}/datasheets/XB4BA21_XB4BA21.pdf,Operator,switch,,Digi-Key,4008-XB4BA21-ND,Extended,Economic and Standard,C17191819,XB4BA21,Exact MPN,2026-09-23T00:57:15+00:00,https://jlcpcb.com/partdetail/C17191819,0
XB4BVB3,H,XB4BVB3,"Green
Indicator",XB4BVB3,Schneider Electric,Controls:XB4BVB3,,"Schneider Harmony green LED pilot light; 24 VAC/DC, terminals X1-X2.",XB4BVB3 Green Indicator indicator Schneider Electric,${PARTS_LIB}/datasheets/XB4BVB3_XB4BVB3.pdf,Indicator,indicator,,Digi-Key,4008-XB4BVB3-ND,Unmapped,Unknown,,,No exact MPN in returned results,2026-09-23T00:57:16+00:00,https://jlcpcb.com/parts/componentSearch?searchTxt=XB4BVB3,0
XB4BVB4,H,XB4BVB4,"Red
Indicator",XB4BVB4,Schneider Electric,Controls:XB4BVB4,,"Schneider Harmony red LED pilot light; 24 VAC/DC, terminals X1-X2.",XB4BVB4 Red Indicator indicator Schneider Electric,${PARTS_LIB}/datasheets/XB4BVB4_XB4BVB4.pdf,Indicator,indicator,,Digi-Key,4008-XB4BVB4-ND,Unmapped,Unknown,,,No exact MPN in returned results,2026-09-23T00:57:16+00:00,https://jlcpcb.com/parts/componentSearch?searchTxt=XB4BVB4,0
XB4BVB1,H,XB4BVB1,"White
Indicator",XB4BVB1,Schneider Electric,Controls:XB4BVB1,Controls:XB4BVB1_Front,"Schneider Harmony white LED pilot light; 24 VAC/DC, terminals X1-X2.",XB4BVB1 White Indicator indicator Schneider Electric,${PARTS_LIB}/datasheets/XB4BVB1_XB4BVB1.pdf,Indicator,indicator,22 mm panel mount,RS,70008070,Unmapped,Unknown,,,No exact MPN in returned results,2026-09-23T00:57:17+00:00,https://jlcpcb.com/parts/componentSearch?searchTxt=XB4BVB1,0
ICF12L45N08M1IO,B,ICF12L45N08M1IO,"Inductive
Sensor",ICF12L45N08M1IO,Carlo Gavazzi,Controls:ICF12L45N08M1IO,,"M12 inductive proximity sensor; 8 mm sensing distance, 10-30 VDC supply, IO-Link/SIO output and four-pin connector.",ICF12L45N08M1IO Inductive Sensor sensor Carlo Gavazzi,${PARTS_LIB}/datasheets/ICF12L45N08M1IO_ICF12L45N08M1IO.pdf,Sensor,sensor,,Digi-Key,1864-ICF12L45N08M1IO-ND,Mechanical Assembly,Economic and Standard,C5772300,ICF12L45N08M1IO,MPN only; verify manufacturer,2026-09-23T00:57:17+00:00,https://jlcpcb.com/partdetail/C5772300,0
365-TAV2111,S,365-TAV2111,"Speed
Switch",365-TAV2111,Allen-Bradley,Controls:365-TAV2111,,"Allen-Bradley Bulletin 365 two-speed drum switch; OFF/1/2 positions, eight contact sections and sixteen screw terminals.",365-TAV2111 Speed Switch switch Allen-Bradley,${PARTS_LIB}/reviews/Controls/evidence/drum_365_TAV2111_bench_confirmation_2026-09-23.md,Operator,switch,,Personal inventory (GBB),365_TAV2111,Unmapped,Unknown,,,No exact MPN in returned results,2026-09-23T00:57:17+00:00,https://jlcpcb.com/parts/componentSearch?searchTxt=365-TAV2111,0
800S-3SA,S,800 Type 3SA,"Control
Pendant",,Allen-Bradley,Controls:800S-3SA,,"Forward/reverse/stop pushbutton station; forward and reverse each 1NO+1NC, stop 1NC.",800 Type 3SA Control Pendant switch Allen-Bradley,${PARTS_LIB}/datasheets/800_Type3SA_historical_wiring.pdf,Operator Assembly,switch,,Personal inventory (GBB),800S_3SA,Unmapped,Unknown,,,No exact MPN in returned results,2026-09-23T00:57:18+00:00,https://jlcpcb.com/parts/componentSearch?searchTxt=800S-3SA,0
1LS1,S,1LS1,"Limit
Switch",1LS1,Honeywell MICRO SWITCH,Controls:1LS1,,Industrial limit switch with separate NC 1-2 and NO 3-4 contacts.,1LS1 Limit Switch switch Honeywell MICRO SWITCH,${PARTS_LIB}/datasheets/1LS1_1LS1.pdf,Sensor,switch,,Existing machine,1LS1,Unmapped,Unknown,,,Not researched; identified from installed nameplate,,,0
1LS1-J,S,1LS1-J,"Limit
Switch",1LS1-J,Yamatake-Honeywell,Controls:1LS1-J,,Industrial limit switch with separate NC 1-2 and NO 3-4 contacts.,1LS1-J Limit Switch switch Yamatake-Honeywell,${PARTS_LIB}/datasheets/1LS1-J_1LS1-J.pdf,Sensor,switch,,Personal inventory (GBB),1LS1_J,Unmapped,Unknown,,,No exact MPN in returned results,2026-09-23T00:57:18+00:00,https://jlcpcb.com/parts/componentSearch?searchTxt=1LS1-J,0
PWRM1200-FAN-TBD,M,PWRM1200-FAN-TBD,"Enclosure
Fan",,,Controls:PWRM1200-FAN-TBD,,Enclosure fan placeholder.,PWRM1200-FAN-TBD Enclosure Fan motor ,,Misc - HOLD,motor,,,,Not applicable,Not applicable,,,No manufacturer part number,2026-09-23T01:01:26+00:00,,0
D0-MC-BAT,BT,D0-MC-BAT,"Coin
Cell",D0-MC-BAT,,Controls:D0-MC-BAT,,CR2032 lithium coin-cell backup battery for CLICK PLC CPU.,D0-MC-BAT Coin Cell battery ,${PARTS_LIB}/datasheets/D0-MC-BAT_D0-MC-BAT.pdf,Battery,battery,,AutomationDirect,D0-MC-BAT,,,,,Not checked; added after catalog audit,,,0
PWRM1200-MOTOR,M,PWRM1200-MOTOR,"Two-Speed
Motor",,Marathon Electric,Controls:PWRM1200-MOTOR,,"Marathon Electric six-lead motor; 220 V, 60 Hz, 1710/875 RPM, 4.4/4.0 A; leads T1-T6.",PWRM1200-MOTOR Two-Speed Motor motor Marathon Electric,${PARTS_LIB}/reviews/Controls/evidence/motor_six_lead_map_2026-09-23.md,Motor,motor,,Personal inventory (GBB),,,,,,Not checked; added after catalog audit,,,0
HMC-9B30-11-DS,K,HMC-9B30-11-DS,"Power
Contactor",HMC-9B30-11-DS,IronHorse,Controls:HMC-9B30-11-DS,Controls:HMC-9B30-11-DS_Front,"IronHorse 9 A contactor; 24 VDC coil, three NO main poles, 1NO+1NC auxiliaries and duplicate A1/A2 coil terminals.",HMC-9B30-11-DS Power Contactor relay IronHorse,${PARTS_LIB}/datasheets/HMC-9B30-11-DS_Datasheet.pdf,Passive,relay,DIN rail contactor,AutomationDirect,HMC-9B30-11-DS,,,,,,,,0
HMX1-MI,MI,HMX1-MI,"Contactor
Interlock",HMX1-MI,IronHorse,Controls:HMX1-MI,Controls:HMX1-MI_Front,"Mechanical interlock with two NC electrical contacts, 111-122 and 121-112.",HMX1-MI Contactor Interlock relay IronHorse,${PARTS_LIB}/datasheets/HMX1-MI_Datasheet.pdf,Passive,relay,Contactor interlock,AutomationDirect,HMX1-MI,,,,,,,,0
FAZ-D4-2-NA-L,Q,FAZ-D4/2-NA-L,"Circuit
Breaker",FAZ-D4/2-NA-L,Eaton,Controls:FAZ-D4-2-NA-L,Controls:FAZ-D4-2-NA-L_Front,"Eaton two-pole common-trip miniature circuit breaker; 4 A, D curve, UL 489, 240 VAC.",FAZ-D4-2-NA-L Circuit Breaker switch Eaton,${PARTS_LIB}/datasheets/FAZ-D4-2-NA-L_Datasheet.pdf,Passive,switch,35 mm DIN rail,AutomationDirect,FAZ-D4-2-NA-L,,,,,,,,0
22013003,SW,22013003,"Motor
Disconnect",22013003,Socomec,Controls:22013003,Controls:22013003_Front,"Socomec SIRCO M Compact three-pole non-fused disconnect; 30 A, UL 98.",22013003 Motor Disconnect switch Socomec,${PARTS_LIB}/datasheets/22013003_Datasheet.pdf,Passive,switch,Panel disconnect,AutomationDirect,22013003,,,,,,,,0
FRN-R-10,F,FRN-R-10,"Class RK5
Fuse",FRN-R-10,Eaton Bussmann,Controls:FRN-R-10,Controls:FRN-R-10_RM25030-3SR_Front,"Bussmann Fusetron dual-element time-delay fuse; 10 A, Class RK5, 250 VAC / 125 VDC.",FRN-R-10 Class RK5 Fuse fuse Eaton Bussmann,${PARTS_LIB}/datasheets/FRN-R-10_FRN-R_1019_Archive.pdf,Passive,fuse,Class RK5 cartridge 14.224 x 50.8 mm,Allfuses,FRN-R-10,,,,,,,,0
RM25030-3SR,FH,RM25030-3SR,"Class R
Fuse Holder",RM25030-3SR,Eaton Bussmann,Controls:RM25030-3SR,Controls:RM25030-3SR_Front,"Bussmann three-pole Class R fuse holder; 250 V, 30 A frame, six field terminal/clip assemblies.",RM25030-3SR Class R Fuse Holder fuse Eaton Bussmann,${PARTS_LIB}/datasheets/RM25030-3SR_Datasheet.pdf,Passive,fuse,DIN rail fuse holder,AutomationDirect,RM25030-3SR,,,,,,,,0
HTOR32-6-S,OL,HTOR32-6-S,"Thermal
Overload",HTOR32-6-S,IronHorse,Controls:HTOR32-6-S,Controls:HTOR32-6-S_Front,"IronHorse thermal overload relay; 4-6 A, Class 10A, three sensing paths and 1NC+1NO trip auxiliaries.",HTOR32-6-S Thermal Overload relay IronHorse,${PARTS_LIB}/datasheets/HTOR32-6-S_Datasheet.pdf,Passive,relay,Contactor-mounted overload,AutomationDirect,HTOR32-6-S,,,,,,,,0
HMX1-SSVRC-DC,SP,HMX1-SSVRC-DC,"Coil Surge
Suppressor",HMX1-SSVRC-DC,IronHorse,Controls:HMX1-SSVRC-DC,Controls:HMX1-SSVRC-DC_Front,24-48 VDC contactor-coil surge suppressor; varistor-resistor-capacitor network with two fork-ended leads.,HMX1-SSVRC-DC Coil Surge Suppressor resistor IronHorse,${PARTS_LIB}/datasheets/HMX1-SSVRC-DC_Datasheet.pdf,Surge suppression network,resistor,Contactor accessory,AutomationDirect,HMX1-SSVRC-DC,,,,,,,,0
T4171310004-001,J,T4171310004-001,"M12 Panel
Socket",T4171310004-001,TE Connectivity,Controls:T4171310004-001,Controls:T4171310004-001_Front,"M12 A-coded female 4-contact front panel-mount receptacle; 200 mm 22 AWG wire leads; 250 V, 4 A, IP67. Lead colors: 1 BRN, 2 WHI, 3 BLU, 4 BLK.",M12 female socket receptacle 4-pin 4-position A-code panel mount PG9 200mm wire leads TE T4171310004-001 A125513-ND,${PARTS_LIB}/datasheets/T4171310004-001_Drawing.pdf,Passive,connector,M12 A-coded panel mount,Digi-Key,A125513-ND,,,,,,,,0
HC3096N-52-900-24,K,HC3096N-52-900-24,"Coil Enable
Relay",HC3096N-52-900-24,DOLD,Controls:HC3096N-52-900-24,Controls:HC3096N-52-900-24_Front,"24 VDC force-guided relay module; two NO contacts (13-14, 23-24), two NC contacts (31-32, 41-42), polarized coil and LED indicator.",HC3096N-52-900-24 Coil Enable Relay DOLD force guided 2NO 2NC 24VDC DIN,${PARTS_LIB}/datasheets/HC3096N_Datasheet.pdf,Relay,relay,DIN-RAIL,AutomationDirect,HC3096N-52-900-24,,,,,,,,0
KN-T12GRY-25,J,KN-T12GRY-25,"Feedthrough
Terminal",KN-T12GRY-25,Konnect-It,Controls:KN-T12GRY-25,Controls:KN-T12GRY-25_Front,"Single-level screw-clamp feedthrough terminal; two internally connected wire clamps; gray, 26-12 AWG, 20 A, 600 V UL, 35 mm DIN rail.",Konnect-It KN-T12GRY-25 feedthrough terminal block screw DIN 20A 600V,${PARTS_LIB}/datasheets/KN-T12GRY-25_Datasheet.pdf,Passive,connector,35 mm DIN rail,AutomationDirect,KN-T12GRY-25,,,,,,,,0
PWRM1200-SUPPLY-PLUG,J,3PH-4W-PLUG,"Power
Plug",,,Controls:3PH-4W-PLUG,,"Three-phase supply plug; three line contacts X, Y, Z and protective-earth contact G; no neutral.",three phase power supply plug line L1 L2 L3 protective earth ground XYZG,${PARTS_LIB}/datasheets/Hubbell_PRO_Locking_Plugs.pdf,Passive,connector,Cord-mounted plug,,,Not applicable,Not applicable,,,Generic field interface,,,0
222102,SW,222102,"Motor
Disconnect",222102,BACO,Controls:222102,Controls:222102_LeftWall,BACO three-pole 25 A panel-mounted switch disconnector with red/yellow padlockable handle; manufacturer reference 0172001.,222102 0172001 6759K211 Motor Disconnect switch BACO,${PARTS_LIB}/datasheets/222102_Datasheet.pdf,Passive,switch,Panel disconnect,McMaster-Carr,6759K211,,,,,,,,1
DN-R35S1_350mm,DR,DN-R35S1_350mm,DIN Rail,DN-R35S1,AutomationDirect,,Controls:DN-R35S1_350mm_Front,DIN rail cut to 350 mm; 35 x 7.5 mm top-hat profile; left rear edge datum.,DIN Rail mechanical PCB-only DN-R35S1_350mm,https://cdn.automationdirect.com/static/specs/cutsheet/DN-R35S1_cutsheet.pdf,Mechanical,mechanical,350 x 35 x 7.5 mm,AD,DN-R35S1,,,,,,,,0
T1-1530G1-1_1000mm,WD,T1-1530G1-1_1000mm,Wire Duct,T1-1530G1-1,Iboco,,Controls:T1-1530G1-1_1000mm_Front,Wire duct with cover; 1000 mm length and 40 x 80 mm user model envelope; left rear edge datum.,Wire Duct mechanical PCB-only T1-1530G1-1_1000mm,https://cdn.automationdirect.com/static/specs/cutsheet/T1-1530G1-1_cutsheet.pdf,Mechanical,mechanical,1000 x 40 x 80 mm modeled envelope,AD,T1-1530G1-1,,,,,,,,0
DN-R35S1_280mm,DR,DN-R35S1_280mm,DIN Rail,DN-R35S1,AutomationDirect,,Controls:DN-R35S1_280mm_Front,DIN rail cut to 280 mm; 35 x 7.5 mm top-hat profile; left rear edge datum.,DIN Rail mechanical PCB-only DN-R35S1_280mm,https://cdn.automationdirect.com/static/specs/cutsheet/DN-R35S1_cutsheet.pdf,Mechanical,mechanical,280 x 35 x 7.5 mm,AD,DN-R35S1,,,,,,,,0
T1-1530G1-1_300mm,WD,T1-1530G1-1_300mm,Wire Duct,T1-1530G1-1,Iboco,,Controls:T1-1530G1-1_300mm_Front,Wire duct with cover cut to 300 mm; 40 x 80 mm user model cross-section; left rear edge datum.,Wire Duct mechanical PCB-only T1-1530G1-1_300mm,https://cdn.automationdirect.com/static/specs/cutsheet/T1-1530G1-1_cutsheet.pdf,Mechanical,mechanical,300 x 40 x 80 mm modeled envelope,AD,T1-1530G1-1,,,,,,,,0
T1-1530G1-1_360mm,WD,T1-1530G1-1_360mm,Wire Duct,T1-1530G1-1,Iboco,,Controls:T1-1530G1-1_360mm_Front,Wire duct with cover cut to 360 mm; 40 x 80 mm user model cross-section; left rear edge datum.,Wire Duct mechanical PCB-only T1-1530G1-1_360mm,https://cdn.automationdirect.com/static/specs/cutsheet/T1-1530G1-1_cutsheet.pdf,Mechanical,mechanical,360 x 40 x 80 mm modeled envelope,AD,T1-1530G1-1,,,,,,,,0
KN-G12SP-10,TB,KN-G12SP-10,"Grounding
Terminal",KN-G12SP-10,Konnect-It,Controls:KN-G12SP-10,Controls:KN-G12SP-10_Front,"Single-level screw grounding terminal; two wire clamps and conductive DIN-rail PE contact; yellow/green, 26-12 AWG, 35 mm DIN rail.",Konnect-It KN-G12SP-10 grounding terminal PE screw DIN rail,${PARTS_LIB}/datasheets/KN-G12SP-10_Datasheet.pdf,Passive,connector,35 mm DIN rail,AutomationDirect,KN-G12SP-10,,,,,,,,0
T1-1530G1-1_320mm,WD,T1-1530G1-1_320mm,Wire Duct,T1-1530G1-1,Iboco,,Controls:T1-1530G1-1_320mm_Front,Wire Duct cut to 320 mm; 40 x 80 mm user model cross-section; left rear edge datum.,Wire Duct mechanical PCB-only T1-1530G1-1_320mm,https://cdn.automationdirect.com/static/specs/cutsheet/T1-1530G1-1_cutsheet.pdf,Mechanical,mechanical,320 x 40 x 80 mm modeled envelope,AD,T1-1530G1-1,,,,,,,,0
DN-R35S1_300mm,DR,DN-R35S1_300mm,DIN Rail,DN-R35S1,AutomationDirect,,Controls:DN-R35S1_300mm_Front,DIN Rail cut to 300 mm; 35 x 7.5 mm user model cross-section; left rear edge datum.,DIN Rail mechanical PCB-only DN-R35S1_300mm,https://cdn.automationdirect.com/static/specs/cutsheet/DN-R35S1_cutsheet.pdf,Mechanical,mechanical,300 x 35 x 7.5 mm modeled envelope,AD,DN-R35S1,,,,,,,,0
T1-1530G1-1_420mm,WD,T1-1530G1-1_420mm,Wire Duct,T1-1530G1-1,Iboco,,Controls:T1-1530G1-1_420mm_Front,Wire Duct cut to 420 mm; 40 x 80 mm user model cross-section; left rear edge datum.,Wire Duct mechanical PCB-only T1-1530G1-1_420mm,https://cdn.automationdirect.com/static/specs/cutsheet/T1-1530G1-1_cutsheet.pdf,Mechanical,mechanical,420 x 40 x 80 mm modeled envelope,AD,T1-1530G1-1,,,,,,,,0
DN-R35S1_200mm,DR,DN-R35S1_200mm,DIN Rail,DN-R35S1,AutomationDirect,,Controls:DN-R35S1_200mm_Front,DIN Rail cut to 200 mm; 35 x 7.5 mm user model cross-section; left rear edge datum.,DIN Rail mechanical PCB-only DN-R35S1_200mm,https://cdn.automationdirect.com/static/specs/cutsheet/DN-R35S1_cutsheet.pdf,Mechanical,mechanical,200 x 35 x 7.5 mm modeled envelope,AD,DN-R35S1,,,,,,,,0
T1-1530G1-1_200mm,WD,T1-1530G1-1_200mm,Wire Duct,T1-1530G1-1,Iboco,,Controls:T1-1530G1-1_200mm_Front,Wire Duct cut to 200 mm; 40 x 80 mm user model cross-section; left rear edge datum.,Wire Duct mechanical PCB-only T1-1530G1-1_200mm,https://cdn.automationdirect.com/static/specs/cutsheet/T1-1530G1-1_cutsheet.pdf,Mechanical,mechanical,200 x 40 x 80 mm modeled envelope,AD,T1-1530G1-1,,,,,,,,0
T1-1530G1-1_400mm,WD,T1-1530G1-1_400mm,Wire Duct,T1-1530G1-1,Iboco,,Controls:T1-1530G1-1_400mm_Front,Wire Duct cut to 400 mm; 40 x 80 mm user model cross-section; left rear edge datum.,Wire Duct mechanical PCB-only T1-1530G1-1_400mm,https://cdn.automationdirect.com/static/specs/cutsheet/T1-1530G1-1_cutsheet.pdf,Mechanical,mechanical,400 x 40 x 80 mm modeled envelope,AD,T1-1530G1-1,,,,,,,,0
DN-R35S1_400mm,DR,DN-R35S1_400mm,DIN Rail,DN-R35S1,AutomationDirect,,Controls:DN-R35S1_400mm_Front,DIN Rail cut to 400 mm; 35 x 7.5 mm user model cross-section; left rear edge datum.,DIN Rail mechanical PCB-only DN-R35S1_400mm,https://cdn.automationdirect.com/static/specs/cutsheet/DN-R35S1_cutsheet.pdf,Mechanical,mechanical,400 x 35 x 7.5 mm modeled envelope,AD,DN-R35S1,,,,,,,,0
EN4SD20208GY,ENC,EN4SD20208GY,Enclosure,EN4SD20208GY,Hammond,,Controls:EN4SD20208GY_Open_Front,"Hammond Eclipse wall-mount steel enclosure, nominal 508 x 508 x 203.2 mm (20 x 20 x 8 in); ANSI 61 gray. Door removed in layout model; EP2020 lower-left datum with 1.6 mm PCB backplate.",Hammond Eclipse enclosure mechanical PCB-only EN4SD20208GY door removed EP2020,${PARTS_LIB}/datasheets/EN4SD20208GY_Drawing.pdf,Mechanical,mechanical,508 x 508 x 203.2 mm nominal body,AD,EN4SD20208GY,,,,,,,,0
BNSPDX-23-W,J,BNSPDX-23-W,"Power
Cable Gland",BNSPDX-23-W,Bimed,Controls:BNSPDX-23-W,Controls:BNSPDX-23-W_BottomWall,"Bimed 3/4 NPT cable gland, cable OD 13-18 mm. Logical cable-core interface, not separable contacts.",Bimed cable gland Power bottom enclosure,${PARTS_LIB}/datasheets/BNSPDX-23-W_Drawing.pdf,Passive,connector,3/4 NPT bottom wall,AD,BNSPDX-23-W,,,,,,,,0
BSPDX-23-W,J,BSPDX-23-W,"Motor
Cable Gland",BSPDX-23-W,Bimed,Controls:BSPDX-23-W,Controls:BSPDX-23-W_BottomWall,"Bimed 3/4 NPT cable gland, cable OD 13-18 mm. Logical cable-core interface, not separable contacts.",Bimed cable gland Motor bottom enclosure,${PARTS_LIB}/datasheets/BSPDX-23-W_Drawing.pdf,Passive,connector,3/4 NPT bottom wall,AD,BSPDX-23-W,,,,,,,,0
BSPBX-22-W,J,BSPBX-22-W,"Speed / Direction
Cable Gland",BSPBX-22-W,Bimed,Controls:BSPBX-22-W,Controls:BSPBX-22-W_BottomWall,"Bimed 1/2 NPT cable gland, cable OD 6-12 mm. Logical cable-core interface, not separable contacts.",Bimed cable gland Speed / Direction bottom enclosure,${PARTS_LIB}/datasheets/BSPBX-22-W_Drawing.pdf,Passive,connector,1/2 NPT bottom wall,AD,BSPBX-22-W,,,,,,,,0
KN-ST1BLK,SEP,KN-ST1BLK,Terminal Separator,KN-ST1BLK,Konnect-It,,Controls:KN-ST1BLK_Front,"Black terminal-bank separator for KN-T12 through KN-T6 except KN-T12SP4; actual plate 1.2 x 42.5 x 39 mm, footprint reserves 2 mm rail width (0.8 mm additional stack-up allowance). Package of 10.",Konnect-It KN-ST1BLK separator black mechanical PCB-only DIN35 2mm stack-up,${PARTS_LIB}/datasheets/KN-ST1BLK_Drawing.pdf,Mechanical,mechanical,1.2 x 42.5 x 39 mm; 2 mm layout width,AutomationDirect,KN-ST1BLK,,,,,,,,0
KN-EB7-10,EB,KN-EB7-10,DIN End Bracket,KN-EB7-10,Konnect-It,,Controls:KN-EB7-10_Front,"Gray screw-down end bracket for 35 mm DIN rail; 10 mm nominal stack width, 9.5 x 52 x 41.3 mm CAD envelope; package of 10.",Konnect-It KN-EB7-10 end stop bracket screw down DIN35 mechanical PCB-only,${PARTS_LIB}/datasheets/KN-EB7-10_Drawing.pdf,Mechanical,mechanical,35 mm DIN rail; 10 mm nominal width,AutomationDirect,KN-EB7-10,,,,,,,,0
CVR-RH-25030,FC,CVR-RH-25030,Fuse Cover,CVR-RH-25030,Eaton Bussmann,,Controls:CVR-RH-25030_Front,Single-pole non-indicating cover for 250 V 30 A Class H/R/RK1/RK5 modular fuse blocks; model registered to RM25030-3SR on DIN35x7p5. One cover per fuse pole.,CVR-RH-25030 fuse cover Bussmann Grainger 40LG66 RM25030-3SR mechanical PCB-only,${PARTS_LIB}/datasheets/CVR-RH-25030_CAD_Drawing.pdf,Mechanical,mechanical,Single-pole modular fuse cover,Grainger,40LG66,,,,,,,,0
