TYPE,NAME,QUA,PACK,UNIT,COST,LINE,SUPPLIER,SPN
Wire,14 AWG black machine wire (price TBD),100,1,FT,,,TBD,
Wire,18 AWG blue machine wire (price TBD),100,1,FT,,,TBD,
Wire,14 AWG green/yellow flexible PE wire (price TBD),25,1,FT,,,TBD,
Termination,12 AWG single ferrules - panel ends (price TBD),10,1,EA,,,TBD,
Termination,14 AWG single ferrules - panel ends (price TBD),80,1,EA,,,TBD,
Termination,16 AWG single ferrules - panel ends (price TBD),10,1,EA,,,TBD,
Termination,18 AWG single ferrules - panel ends (price TBD),80,1,EA,,,TBD,
Termination,2 x 14 AWG twin ferrules - fit TBD (price TBD),5,1,EA,,,TBD,
Termination,2 x 18 AWG twin ferrules - fit TBD (price TBD),10,1,EA,,,TBD,
Termination,18 AWG remote switch terminations - style TBD (price TBD),35,1,EA,,,TBD,
Termination,22 AWG E-stop terminations - inventory check (price TBD),5,1,EA,,,TBD,
Termination,22-to-18 AWG insulated pigtail splices (price TBD),10,1,EA,,,TBD,
Termination,Motor lead connectors - match lead gauge (price TBD),10,1,EA,,,TBD,
Identification,Heat-shrink wire labels,250,1,EA,0.00,0.00,GBB,GBB furnished
Cable,4-core A-code M12 E-stop lead - 10 ft allowance; check GBB inventory (price TBD),1,1,EA,,,TBD,
Cable,18 AWG 3-core S2-to-S3 branch allowance - only if needed (price TBD),5,1,FT,,,TBD,
Termination,18 AWG branch splices - only if S2/S3 branch needed (price TBD),5,1,EA,,,TBD,
Accessory,Cable ties (price TBD),50,1,EA,,,TBD,
Accessory,Cable clamps / supports incl. hardware (price TBD),20,1,EA,,,TBD,
Accessory,Insulating heat-shrink for splice protection (price TBD),6,1,FT,,,TBD,
Accessory,Terminal top cover - additional pack for 28 gray blocks,1,25,PACK,15.00,15.00,AD,KN-TC-1S
