CAT,QUA,PACK,ITEM,KICAD,VENDOR,PART NO,UNIT COST,LINE COST,REF,STATUS,NOTES
Contactor,5,1,Motor contactor - 3 NO power poles; 24 VDC coil; 1 NO + 1 NC auxiliary,-,AutomationDirect,HMC-9B30-11-DS,31.00,155.00,KF; KR; KL; KH; KS,Selected - schematic pending,"KF: Panel mounted. Pair with KR using HMX1-MI. Product/price checked 2026-09-24: https://www.automationdirect.com/adc/shopping/catalog/motor_controls/iec_magnetic_contactors/iec_contactors/hmc-9b30-11-ds Built-in 1 NO + 1 NC auxiliary contacts. Separate auxiliary blocks and mechanical interlocks are not included. Final control-contact allocation pending. | KR: Reverses two phases. Pair with KF using HMX1-MI. Same product/price source as KF. Built-in 1 NO + 1 NC auxiliary contacts. Separate auxiliary blocks and mechanical interlocks are not included. Final control-contact allocation pending. | KL: Supplies T1/T2/T3 for LOW; T4/T5/T6 open. Mechanically interlock with KS. Same product/price source as KF. Built-in 1 NO + 1 NC auxiliary contacts. Separate auxiliary blocks and mechanical interlocks are not included. Final control-contact allocation pending. Feed motor through OL-L, set 4.0 A. | KH: Supplies T6/T4/T5 for HIGH. Operates with KS. Replaces the earlier unselected five-pole KH specification. Same product/price source as KF. Built-in 1 NO + 1 NC auxiliary contacts. Separate auxiliary blocks and mechanical interlocks are not included. Final control-contact allocation pending. Feed motor through OL-H, set 4.4 A. | KS: Ties T1/T2/T3 together for HIGH using power poles. Operates with KH; mechanically interlock with KL, not KH. Same product/price source as KF. Built-in 1 NO + 1 NC auxiliary contacts. Separate auxiliary blocks and mechanical interlocks are not included. Final control-contact allocation pending. Connect to motor-side T1/T2/T3 downstream of OL-L; do not route HIGH shorting current through OL-L."
Interlock,2,1,Mechanical interlock - side mount; includes 2 NC electrical-interlock contacts per unit,-,AutomationDirect,HMX1-MI,16.50,33.00,MI-FR; MI-LS,Selected - schematic pending,"One between KF/KR; one between KL/KS. Fits HMC-9 through HMC-150. Separate purchase. Catalog prices checked 2026-09-24, PDF pages 15 and 19-20: https://cdn.automationdirect.com/static/specs/ironhorsehmcandhtor.pdf Product: https://www.automationdirect.com/adc/shopping/catalog/motor_controls/iec_magnetic_contactors/magnetic_contactor_accessories/hmx1-mi"
Relay,1,1,Coil-enable relay - Dold; 24 VDC coil; 2 NO + 2 NC force-guided contacts; 35 mm DIN rail,-,AutomationDirect,HC3096N-52-900-24,46.50,46.50,K-EN,Selected - not ordered,"Interrupt the common +24 V feed upstream of all five contactor coil circuits and direction seal-in paths when the E-stop is actuated. Complete DIN-rail module with LED and coil diode; no separate socket or coil suppressor required. Contact rating: 4 A at 24 VDC, DC-13, at 0.1 Hz switching frequency. Normal maximum three HMC coils draw 1.14 A total (0.38 A each). Force-guided contacts do not provide monitoring logic; final E-stop schematic and wiring validation remain pending. Product/price checked 2026-09-24: $46.50. https://www.automationdirect.com/adc/shopping/catalog/relays_-z-_timers/electro-mechanical_relays/hc3096n-52-900-24 Specifications: https://cdn.automationdirect.com/static/specs/doldfgrelays.pdf DC-13 duty: https://www.dold.com/media/pdf/b2/b4/4b/OA5611_en.pdf"
Accessory,1,1,Reversing connection kit - line and load busbars,-,AutomationDirect,HMX1-BBREV,17.00,17.00,BB-FR,Selected - not ordered,"One complete kit for the KF/KR reversing pair; includes line-side and load-side connection bars. Fits HMC-9 through HMC-22. Included at the existing $17.00 BOM unit price, making the contactor/interlock/busbar subtotal $205.00. The kit is for direction reversal, not the KS motor-winding shorting connection. Catalog source: https://cdn.automationdirect.com/static/specs/ironhorsehmcandhtor.pdf Product: https://www.automationdirect.com/adc/shopping/catalog/motor_controls/iec_magnetic_contactors/magnetic_contactor_accessories/hmx1-bbrev"
Accessory,0,1,CONDITIONAL auxiliary contact block - front mount; 1 NO + 1 NC,-,AutomationDirect,HMX1-AUX11-F,8.50,0.00,AUX-TBD,Conditional - excluded,No extra blocks established as necessary. Built-in contactor auxiliaries and HMX1-MI NC contacts are included above. QUA 0 pending final schematic contact allocation. Catalog price $8.50 each checked 2026-09-24; catalog source in HMX1-MI row. Product: https://www.automationdirect.com/adc/shopping/catalog/motor_controls/iec_magnetic_contactors/magnetic_contactor_accessories/hmx1-aux11-f
Power,1,1,"Power supply - 24 VDC, 10 A / 240 W; reuse existing",Y,GBB,NDR-240-24,0.00,0.00,PS1,On hand - reuse,Retained from Rev N at zero new purchase cost. Supplies all operator controls and the selected 24 VDC contactor coils. AC input: 208 V line-to-line from DS1 through both poles of CB-PS1 to L and N; FG goes directly to PE. No neutral is used in this configuration. Separate 24 V branch fuses/breakers omitted per owner 2026-09-24; final wire and device ratings must suit the available output current. PL1 indicates available 24 VDC. All five coils receive individual HMX1-SSVRC-DC suppressors.
Circuit breaker,1,1,PSU AC-input breaker - Eaton; 4 A; 2 poles; D curve; UL 489; 35 mm DIN rail,-,AutomationDirect,FAZ-D4-2-NA-L,55.00,55.00,CB-PS1,Selected - not ordered,"Eaton manufacturer code FAZ-D4/2-NA-L. 240 VAC straight rating; 10 kA interrupting rating at 240 VAC. Feed both PS1 input conductors from two DS1 load-side phases through this breaker; branch is parallel to the motor fuse branch. PE is unswitched. D curve selected for NDR-240-24 startup inrush; engineering selection, not an exact manufacturer-prescribed breaker. Verify cold starting at the actual 208 V supply and complete input wiring sizing. Price checked 2026-09-24: $55.00. https://www.automationdirect.com/adc/shopping/catalog/circuit_protection_-z-_fuses_-z-_disconnects/circuit_breakers_-a-_circuit_protectors/miniature_circuit_breakers_(mcb)/faz-d4-2-na-l See docs/Fuse_Selection_2026-09-24.md."
Power,1,1,Non-fused disconnect - Socomec SIRCO M Compact; UL 98; 30 A; 3 poles,-,AutomationDirect,22013003,75.00,75.00,DS1,Selected - not ordered,"Upstream of FB1. Backplate or 35 mm DIN-rail mounting; right-side operation through fixed enclosure wall using DS1-H and DS1-S. AD price $75 checked 2026-09-24; page showed backorder, earliest 2026-10-14 (estimate). https://www.automationdirect.com/adc/shopping/catalog/circuit_protection_-z-_fuses_-z-_disconnects/disconnects_-a-_switches/non-fused_disconnects/22013003 Compatibility: https://cdn.automationdirect.com/static/manuals/disconnects/534924.pdf configuration D. Advertised 100 kA conditional SCCR requires specified Class J fuses; not claimed for this RK5-fuse panel."
Disconnect handle,1,1,External ON/OFF handle - Socomec S0; red/yellow; NEMA 4/4X; padlockable,-,eBay - Surplus Electrical Connections LLC,148E1111,27.50,27.50,DS1-H,Selected - user to order,User selected assembly 2026-09-24 and will order this handle; order/receipt not confirmed. https://www.ebay.com/itm/204666718650 Listing shows new/open-box at $27.50; displayed $6.99 shipping excluded from parts cost and subject to destination. Confirm mounting hardware and gasket with received item. Type S0 is listed for right-side operation with DS1 in instruction 534924I.
Disconnect shaft,1,1,Operating shaft - Socomec; 320 mm; 5 x 5 mm; includes alignment guide,-,AutomationDirect,14070532,9.00,9.00,DS1-S,Selected - not ordered,"Includes 14190000 alignment guide. Cut only after enclosure layout is established; side-operation length per instruction 534924I. No separate right-angle operating accessory required for this configuration. Price/stock checked 2026-09-24: $9, in stock. https://www.automationdirect.com/adc/shopping/catalog/circuit_protection_-z-_fuses_-z-_disconnects/disconnects_-a-_switches/disconnect_external_handles_-a-_components/14070532"
Disconnect cover,1,2,Terminal-shroud pack - Socomec; two 3-pole covers for line and load,-,AutomationDirect,22943016,11.00,11.00,DS1-C,Selected - not ordered,"Buy one pack containing two covers; PACK 2 is contents, not a cost multiplier. Compatible with M3 Compact DS1. Price/stock checked 2026-09-24: $11 per pack, in stock. https://www.automationdirect.com/adc/shopping/catalog/circuit_protection_-z-_fuses_-z-_disconnects/disconnects_-a-_switches/disconnect_-a-_switch_accessories/22943016"
Fuse,3,1,Motor branch fuse - 10 A; 250 VAC; Class RK5; dual-element time-delay,-,Allfuses,FRN-R-10,7.74,23.22,FU1-FU3,Selected - motor branch,Three individual Eaton Bussmann fuses; no spares. Live listing checked 2026-09-24: https://www.allfuses.com/frn-r-10 Supplier states new parts sold individually and is not a Bussmann authorized distributor. A $5 order fee applies below $50; excluded from the parts subtotal. Motor basis 4.4 A x 175% = 7.7 A; next standard rating 10 A. Class R matches the HMC instruction sheet. Use with FB1. See docs/Fuse_Selection_2026-09-24.md; motor overloads selected as OL-L and OL-H; PSU AC-input protection is CB-PS1.
Fuse holder,1,1,Motor fuse block - Class R; 250 V; 30 A frame; 3 poles; DIN rail or panel mount,-,AutomationDirect,RM25030-3SR,54.00,54.00,FB1,Selected - motor branch,"Accepts the selected 10 A 250 V Class RK5 fuses. 30 A is the holder rating, not the installed fuse size. Replaces the previous LFT300603C Class T block. Three covers purchased separately. Live price checked 2026-09-24: https://www.automationdirect.com/adc/shopping/catalog/circuit_protection_-z-_fuses_-z-_disconnects/fuse_blocks/modular_fuse_blocks/rm25030-3sr"
Fuse cover,3,1,Non-indicating fuse-block cover - one per pole; 250 V / 30 A Class R frame,-,AutomationDirect,CVR-RH-25030,14.00,42.00,FB1-C1-C3,Selected - motor branch,"One cover per pole, three total; compatible with RM25030-3SR. Live price checked 2026-09-24: https://www.automationdirect.com/adc/shopping/catalog/circuit_protection_-z-_fuses_-z-_disconnects/fuse_blocks/modular_fuse_block_covers_-a-_accessories/cvr-rh-25030"
Operator,1,1,Existing drum switch - OFF / 1 LOW / 2 HIGH; 24 VDC commands only,-,GBB,365_TAV2111,0.00,0.00,SS1,On hand - reuse,Retain handle and measured switch contacts. Motor winding reconnection moves to panel contactors. No line voltage through this control.
Operator,1,1,Existing button pendant - FWD / REV / STOP; 24 VDC commands only,Y,GBB,800S_3SA,0.00,0.00,PB1,On hand - reuse,Retain existing pendant and measured contact functions. Direction holding uses contactor auxiliary contacts. Final control wiring pending.
Overload,2,1,Motor overload - 4-6 A adjustable; manual reset; LOW 4.0 A / HIGH 4.4 A,-,AutomationDirect,HTOR32-6-S,31.50,63.00,OL-L; OL-H,Selected - schematic pending,"OL-L: Mount on KL, in the LOW supply to T1/T2/T3. KS shorts the motor-side T1/T2/T3 nodes downstream of this relay, so HIGH shorting current bypasses the inactive LOW overload. Nameplate LOW 4.0 A at 220 V; verify operation at actual 208 V during commissioning. 4-6 A adjustable; trip Class 10A; phase-loss sensitive; 1 NO + 1 NC auxiliary. Direct mount on HMC-9B; no separate DIN adapter needed. Set reset selector to H (manual). Both overload NC 95-96 contacts go in series in the common run-enable circuit; either trip must drop motor contactors and inhibit both speeds until manual reset and a fresh start command. Live AD price checked 2026-09-24: $31.50 each, 30 available. https://www.automationdirect.com/adc/shopping/catalog/motor_controls/iec_overload_relays/thermal_overload_relays/htor32-6-s Catalog PDF pages 24-28: https://cdn.automationdirect.com/static/specs/ironhorsehmcandhtor.pdf See docs/Overload_Indicator_Suppression_2026-09-24.md. | OL-H: Mount on KH, in the HIGH supply to T6/T4/T5. Not in the KS shorting path. Nameplate HIGH 4.4 A at 220 V; verify operation at actual 208 V during commissioning. 4-6 A adjustable; trip Class 10A; phase-loss sensitive; 1 NO + 1 NC auxiliary. Direct mount on HMC-9B; no separate DIN adapter needed. Set reset selector to H (manual). Both overload NC 95-96 contacts go in series in the common run-enable circuit; either trip must drop motor contactors and inhibit both speeds until manual reset and a fresh start command. Live AD price checked 2026-09-24: $31.50 each, 30 available. https://www.automationdirect.com/adc/shopping/catalog/motor_controls/iec_overload_relays/thermal_overload_relays/htor32-6-s Catalog PDF pages 24-28: https://cdn.automationdirect.com/static/specs/ironhorsehmcandhtor.pdf See docs/Overload_Indicator_Suppression_2026-09-24.md."
Surge suppression,5,1,Contactor coil suppressor - varistor + RC; 24-48 VDC,-,AutomationDirect,HMX1-SSVRC-DC,12.00,60.00,SP-F; SP-R; SP-L; SP-H; SP-S,Selected - not ordered,"One per KF/KR/KL/KH/KS; connects across that contactor's A1/A2 coil terminals and mounts on the contactor. AD specifies compatibility with HMC-9 through HMC-150. No separate flyback diode included. Live price/stock checked 2026-09-24: $12.00, 82 available. Selected over the $10 HMX1-SSV-ACDC because only one of that version was available. https://www.automationdirect.com/adc/shopping/catalog/motor_controls/iec_magnetic_contactors/magnetic_contactor_accessories/hmx1-ssvrc-dc Catalog PDF pages 19 and 21: https://cdn.automationdirect.com/static/specs/ironhorsehmcandhtor.pdf"
Indicator,1,1,CONTROL POWER indicator - Schneider Harmony XB4; white LED; 24 VAC/VDC; 22 mm panel mount,-,DigiKey,4008-XB4BVB1-ND,52.92,52.92,PL1,Selected - not ordered,"Manufacturer Schneider Electric; MPN XB4BVB1. Owner-selected replacement for ECX2055-24L on 2026-09-24. White lens; 24 VAC/DC LED; 18 mA; 22 mm panel cutout; 30 mm lens; screw terminals. Connect across PS1 +24 V and 0 V upstream of the run/stop chain; label CONTROL POWER. Indicates control voltage, not motor running or absence of hazardous voltage. DigiKey US listing checked 2026-09-24: $52.92 each (USD), quantity-one pricing; listed stock 2. https://www.digikey.com/en/products/detail/schneider-electric/XB4BVB1/16614289"
Connector,1,1,E-stop panel port - M12 A-coded female 4-contact receptacle; 200 mm wire leads,Y,DigiKey,A125513-ND,11.10,11.10,J-ESTOP,Selected - not ordered,"Manufacturer TE Connectivity; MPN T4171310004-001. Front panel mount; PG9 fixing thread; 200 mm 22 AWG wire leads. Catalog symbol Controls:T4171310004-001. TE lead colors: pin 1 BRN, 2 WHI, 3 BLU, 4 BLK; wire by pin number because the existing E-stop assembly uses different colors on pins 3 and 4. Quantity-one USD price checked 2026-09-24: $11.10, excluding any cart-assessed tariff. https://www.digikey.com/en/products/detail/te-connectivity-amp-connectors/T4171310004-001/7221375"
,,,PRICED SUBTOTAL - included components only,,,,,735.24,,Partial - not project total,"Contactors/interlocks/reversing busbars $205.00 + motor fuses/block/covers $119.22 + Socomec disconnect assembly $122.50 + PSU input breaker $55.00 + two overload relays $63.00 + five coil suppressors $60.00 + white indicator $52.92 + coil-enable relay $46.50 + M12 panel port $11.10 = $735.24. One reversing busbar kit is included. Conditional auxiliary blocks remain QUA 0. Tax, any cart-assessed tariff, shipping (including displayed $6.99 eBay handle shipping) and the $5 Allfuses small-order fee are excluded."
,,,TOTAL - current component baseline,,,,,735.24,,All included lines priced - not project total,"All included purchase lines are priced. Three existing items have zero new purchase cost. Handle selected for user purchase; no order confirmed. Enclosure and installation materials remain outside this component baseline. Component selection does not complete the control schematic or wiring validation. No separate 24 VDC branch protective devices per owner; final wiring/device ratings remain to be checked. Tax, any cart-assessed tariff, shipping and supplier fees excluded."